id,title,content,category,author,date_created,word_count,tags
1,"Introduction to Machine Learning","Machine learning is a subset of artificial intelligence that focuses on algorithms and statistical models that computer systems use to perform tasks without explicit instructions. It relies on patterns and inference instead of hard-coded programming.","Technology","Dr. Sarah Chen","2024-01-15",45,"AI,ML,algorithms,statistics"
2,"The Art of French Cooking","French cuisine is renowned worldwide for its sophistication and flavor. The foundation of French cooking lies in mastering basic techniques like saut√©ing, braising, and sauce-making. These fundamental skills allow chefs to create complex dishes with simple ingredients.","Culinary","Chef Antoine Dubois","2024-01-22",52,"cooking,French,cuisine,techniques"
3,"Climate Change Impacts on Agriculture","Rising global temperatures and changing precipitation patterns are significantly affecting agricultural productivity worldwide. Farmers are adapting by implementing drought-resistant crops, precision agriculture techniques, and sustainable farming practices.","Environment","Prof. Maria Rodriguez","2024-02-03",48,"climate,agriculture,sustainability,farming"
4,"Modern Architecture Trends","Contemporary architecture emphasizes sustainability, minimalism, and integration with natural environments. Green building materials, energy-efficient designs, and smart home technology are becoming standard features in modern construction projects.","Architecture","James Mitchell","2024-02-10",41,"architecture,design,sustainability,construction"
5,"The History of Jazz Music","Jazz originated in New Orleans in the late 19th and early 20th centuries, blending African American musical traditions with European harmony. Key figures like Louis Armstrong, Duke Ellington, and Miles Davis shaped the genre's evolution through different eras.","Music","Dr. Robert Johnson","2024-02-18",56,"jazz,music,history,culture"
6,"Quantum Computing Fundamentals","Quantum computing leverages quantum mechanical phenomena like superposition and entanglement to process information in ways that classical computers cannot. This technology promises to revolutionize fields such as cryptography, drug discovery, and optimization problems.","Technology","Dr. Lisa Wang","2024-02-25",49,"quantum,computing,physics,technology"
7,"Mediterranean Diet Benefits","The Mediterranean diet, rich in olive oil, fish, vegetables, and whole grains, has been associated with numerous health benefits including reduced risk of heart disease, diabetes, and cognitive decline. This dietary pattern emphasizes fresh, seasonal ingredients.","Health","Dr. Elena Papadopoulos","2024-03-05",43,"diet,health,nutrition,Mediterranean"
8,"Digital Marketing Strategies","Effective digital marketing combines search engine optimization, social media engagement, content marketing, and data analytics. Understanding customer behavior and preferences allows businesses to create targeted campaigns that drive engagement and conversions.","Business","Michael Thompson","2024-03-12",47,"marketing,digital,SEO,social media"
9,"Renaissance Art Movements","The Renaissance period marked a cultural rebirth in Europe, characterized by renewed interest in classical learning and humanism. Artists like Leonardo da Vinci, Michelangelo, and Raphael created masterpieces that continue to influence artistic expression today.","Art","Prof. Catherine Williams","2024-03-20",50,"Renaissance,art,history,culture"
10,"Renewable Energy Solutions","Solar, wind, and hydroelectric power are becoming increasingly cost-effective alternatives to fossil fuels. Advances in battery technology and smart grid systems are addressing storage and distribution challenges associated with renewable energy sources.","Environment","Dr. Ahmed Hassan","2024-03-28",44,"renewable,energy,solar,wind,sustainability"